"id","en","fr","es","ru","zh","de","bn","fa","ps"
"admin","Administrator","Administrateur","","","","","","مدیران","مدیران"
"admins","Administrators","Administrateurs","","","","","","",""
"bottom","Bottom","En bas","","","","","","پایین","لاندې"
"btn_browse","Browse...","Ouvrir","","","","","","",""
"btn_add_source","Add a source layer","Ajouter une couche source","","","","","","افزودن لایه اصلی","د سرچینې لایه اضافه کړئ"
"btn_load_new_project","Load the new project","Charger le nouveau projet","","","","","","",""
"btn_add_view","Create a new view","Créer une nouvelle vue","","","","","","افزودن نمایه","لید اضافه کړئ"
"btn_show_db_info","Full access","Accès complet","","","","","","",""
"btn_show_project_external_views","Manage external views","Gérer les vues externes","","","","","","",""
"btn_show_db_query_maker","API SQL query maker","Requête SQL pour l'API","","","","","","",""
"label_query_write","Write your SQL query","Votre requête SQL","","","","","","",""
"label_layer_available","Relations available","Relations disponibles","","","","","","",""
"btn_show_add_project","Add a new project","Nouveau projet","","","","","","",""
"btn_show_db_info_self","Get a temporary access to edit a dataset","Obtenir un accès provisoire pour éditer une source","","","","","","",""
"btn_cancel","Cancel","Annuler","","","","","","لغو ","لغوه کړی"
"btn_copy","Copy","Copier","","","","","","",""
"btn_geolocate_user","Geolocate","Géolocaliser","","","","","","لغو ","لغوه کړی"
"btn_close","Close","Fermer","","","","","","بستن","وتړئ"
"btn_join_project_long","Membership request for this project","Demande d'adhésion à ce projet","","","","","","",""
"btn_join_project","Join","Adhérer","","","","","","",""
"btn_join_current_project","Join current project ( %s )","Adhérer au projet courant ( %s )","","","","","","",""
"btn_confirm","Confirm","Confirmer","","","","","","تایید","تائید"
"btn_country","Select country","Sélectionnez le pays","","","","","","انتخاب کشور","هیواد وټاکی"
"btn_create","Create","Créer","","","","","","ایجاد","جوړ کړئ"
"btn_delete","Delete","Supprimer","","","","","","حذف","پاک کړئ"
"btn_edit_source","Manage sources","Gérer les sources","","","","","",""""
"btn_edit_source_metadata","Edit sources metadata","Editer les métadonnées des sources","","","","","",""""
"btn_finish","Finish","Finir","","","","","","تمام","تمام"
"btn_fullscreen","Display the app in fullscreen mode","Mode plein écran","","","","","","نمایش برنامه بشکل صفحه کامل","اپلیکیشن په بشپړه صفحه کې ښکاره کړئ"
"btn_get_area_visible","Area of visible features","Superficie des objets visibles","","","","","","ساحه پدیده های قابل دید","د لیدلو وړ ځانګړتیاوو ځای"
"btn_get_overlap_visible","Overlaps to geojson","Chevauchements vers geojson","","","","","","",""
"btn_get_layer_summary","Get layer summary","Visualiser le résumé de la source","","","","","","تنظیم  منابع"""
"btn_iframe_builder","Embed MapX","Intégration MapX","","","","","",""""
"btn_language","Language","Langue  ","","","","","","زبان","ژبه"
"btn_login","Login window","Fenêtre d'identification","","","","","","صفحه ورودی ","د ننوتلو کړکۍ"
"btn_north_arrow","Reset bearing","Reset bearing","","","","","",""""
"btn_opt_date","Filter date","Filtrer par date","","","","","",""""
"btn_opt_delete","Remove this view","Supprimer cette vue","","","","","","حذف این نمایه","دا لید لرې کړئ"
"btn_opt_move_top","Move to top","Déplacer vers le haut","","","","","","",""
"btn_opt_move_bottom","Move to bottom","Déplacer vers le bas","","","","","","",""
"btn_opt_delete_geojson","Delete","Supprimer","","","","","","حذف","دا GeoJSON پاک کړئ"
"btn_opt_download","Download the data","Télécharger les données","","","","","","دانلود معلومات","ډیټا ډانلوډ کړئ"
"btn_opt_edit_config","Configure this view","Configurer la vue","","","","","","تنظیم این نمایه","دا لید په لاره واچوئ"
"btn_opt_edit_custom_code","Edit code","Editer le code","","","","","",""""
"btn_opt_edit_dashboard","Edit dashboard","Editer le dashboard","","","","","",""""
"btn_opt_edit_story","Edit story","Editer le récit","","","","","",""""
"btn_opt_edit_style","Set the style of this view","Configurer le style de cette vue","","","","","","تنظیم ستایل این نمایه","ددې لیدنې شکل تنظیم کړئ"
"style_title_legend","Legend title","Titre de la légende","","","","","","",""
"style_reverse_order","Reverse displayed layers order","Inverser l'ordre des couches sur la carte","","","","","","",""
"style_reverse_order_desc","If checked, the layer stack will be reversed : the top rule will draw a layer at the bottom of the stack","Si coché, la pile de couches sera inversée : la première règle défininira la couche à la base de la pile","","","","","","",""
"style_hide_nulls","Ignore missing values","Ignorer les valeurs manquantes","","","","","","",""
"style_hide_nulls_desc","If checked, null or missing values will be ignored in the style","Si coché, les valeurs manquantes ou nulles ne seront pas utilisées dans le style","","","","","","",""
"btn_opt_meta","Display metadata","Afficher les métadonnées ","","","","","","نمایش ابرداده","میتا ډیټا ښکاره کړئ"
"btn_opt_numeric","Filter by numeric value","Filtrer par valeur numerique","","","","","",""""
"btn_opt_reset","Reset the view","Réinitialiser la vue","","","","","","تنظیم دوباره نمایش","د ټولو لیدنو بیا کتنه"
"btn_opt_screenshot","Take a screenshoot","Prendre une capture d'écran","","","","","","گرفتن تصویر","د صفحې تصویر واخلئ"
"btn_opt_search","Settings","Préférences","","","","","","جستجو و فلتر","ټول فلټرونه ولټوئ"
"btn_opt_share","Share this view","Partager cette vue","","","","","",""""
"btn_opt_start_story","Read this story","Lire ce récit","","","","","","این تاریخ را بخوانید","دا تاریخچه ولولئ"
"btn_opt_transparency","Transparency","Transparence","","","","","",""""
"btn_opt_zoom_all","Zoom to all features","Zoomer sur tous les éléments","","","","","","بزرگنمایی به همه پدیده ها","د ټولو ځانګړتیاوو لپاره یې زوم کړئ"
"btn_opt_zoom_visible","Zoom on displayed features","Zoomer sur les éléments affichés","","","","","","بزرگنمایی به اندازه نمایش پدیده ها","د ځانګړتیاوو د لیدلو لپاره یی زوم کړئ"
"btn_preview","Preview","Aperçu","","","","","",""""
"btn_selfdb_generate_info","Generate","Générer","","","","","",""""
"btn_print","Print current","Imprimer","","","","","","پرنت صفحه فعلی","اوسنۍ صفحه پرینټ کړئ"
"btn_reset","Reset","Réinitialiser","","","","","","تنظیم دوباره","بیا کتنه"
"btn_save","Save","Sauvegarder","","","","","","ذخیره","ساتل"
"btn_send","Submit","Envoyer","","","","","","ارسال","لیږل"
"btn_show_app_config","Configuration","Configuration","","","","","",""""
"btn_show_project_config","Project configuration","Configuration du projet","","","","","",""""
"btn_show_project_delete","Delete this project","Supprimer ce projet","","","","","",""""
"btn_show_role_manager","Define roles","Définir les roles","","","","","",""""
"btn_sort_date","Date","Date","","","","","","",""
"btn_filter_checked","Filter activated views","Filtrer les vues activées","","","","","","",""
"btn_sort_title","Title","Titre","","","","","","",""
"sort_label","Sort by","Trier par","","","","","","",""
"btn_story_unlock_map","Toggle map interaction","Permettre l'interaction avec la carte","","","","","","",""
"btn_story_close","Back to the map explorer","Revenir à l'explorateur","","","","","","",""
"btn_story_edit_cancel","Cancel edition","Annuler l'édition","","","","","","",""
"btn_story_edit_save","Save edition","Sauvegarder l'édition","","","","","","",""
"btn_story_edit","Start edition","Démarrer l'édition","","","","","","",""
"btn_switchui","Toggle the color of the interface","Changer les couleurs de l'interface","","","","","","تغییر رنگ صفحه رابط","د نښلونکې صفحې رنګ ته بدلون ورکړئ"
"btn_tab_dashboard","Toggle dashboards","Dashboards","","","","","",""""
"btn_tab_settings","Settings ","Préférences","","","","","","تنظیمات ","امستنې (تنظیمات)"
"btn_tab_tools","Toolbox","Boîte à outils","","","","","","جبعه ابزار","د وسایلو بکس"
"btn_tab_views","Views","Vues","","","","","","نمایه ها","لیدنې"
"btn_theme_black","Switch theme : dark","Changer le thème : sombre","","","","","","تاریک","تیاره"
"btn_theme_orig","Switch theme : clear","Changer le thème : clair","","","","","","صاف","روښانه"
"btn_theme_sat","Switch theme : aerial","Changer le thème : imagerie aérienne","","","","","","هوایی","هوایي"
"btn_toggle_all","Immersive mode","Mode immersif","","","","","","",""
"btn_update","Update  ","Mettre à jour","","","","","","تجدید","آپډیټ کړئ"
"btn_upload","Upload","Téléverser","","","","","","آپلود"""
"btn_wms_creator","WMS","WMS","","","","","",""""
"btn_zoom_in","Zoom in","Zoomer","","","","","","بزرگنمایی","غټ ښودل"
"btn_zoom_out","Zoom out","Dézoomer","","","","","","کوچک نمایی","کوچوني ښودل"
"categorical","Categorical","Catégorielle","","","","","","طبقه ایی","قطعي"
"cc","Custom code","Code personnalisé","","","","","",""""
"center","Center","Centre","","","","","","وسط","مابین"
"country","Country","Pays","","","","","","کشور","هیواد"
"create","Create","Créer","","","","","","ایجاد","جوړ کړئ"
"content","Content","Contenu","","","","","","",""
"title","Title","Titre","","","","","","",""
"join_project","Join","Adhérer","","","","","","",""
"dev","Development","Dévelopement","","","","","","توسعه","پرمختیا"
"env","Environment","Environnement","","","","","","محیط","چاپېریال"
"error_no_layer","No source layer set","Pas de couche source attribuée","","","","","","لایه منبع ایجاد نشد","د سرچینې لایه نده جوړه شوې"
"error_form_issues","There are some issues in the form, please correct them","Il y a des problèmes dans le formulaire, merci de les corriger.","","","","","","",""
"warning_delete_project","Project deletion also remove all views, data, settings and anything related to this project, including views used in other project. Data shared from other project will be preserved","La suppression de ce projet supprimera également toutes les vues, configuration, données, ainsi que tout ce qui est lié à ce projet, y-compris les vues ou les sources partagées vers d'autres projets. Les données des autres projets seront conservées.","","","","","","لایه منبع ایجاد نشد","د سرچینې لایه نده جوړه شوې"
"error_no_source","No source layer found","Pas de couche source trouvée","","","","","","منبع لایه مرتبط پیدا نشد","د سرچینې لایه و نه موندل شوه"
"error_title_exists","This title already exists","Ce titre est déjà pris","","","","",""," عنوان از قبل موجود میباشد","عنوان له مخکې شتون لري"
"error_title_no_match","The title does not match","Le titre ne correspond pas","","","","","","",""
"error_title_short","The title is too short","Ce titre est trop court","","","","","","عنوان بسیار کوتاه است","عنوان ډیر لنډ دی"
"error_description_short","The description is too short","La description est trop courte","","","","","","",""
"error_title_bad","The title is not valid","Ce titre n'est pas valide","","","","","","",""
"error_title_bad","The title is not valid","Ce titre n'est pas valide","","","","","","",""
"error_project_default_not_public","The default project must be public","Le projet par défault doit être public","","","","","","",""

"error_email_not_valid","This email is not valid","Cet email n'est pas valide","","","","","","",""
"error_email_bad","This email is not accepted","Cet email n'est pas accepté","","","","","","",""
"error_msg_bad","This message is not accepted","Ce message n'est pas accepté","","","","","","",""
"error_msg_too_long","This message is too long","Ce message est trop long","","","","","","",""
"error_msg_too_short","This message is too short","Ce message est trop court","","","","","","",""
"error_email_not_registered","This email does not belongs to a current MapX user. Once open, the activation link will also create automatically a new account on MapX.","Cet email n'appartient pas à une utilisatrice ou un utilisateur enregistré sur MapX. Le lien d'invitation, une fois ouvert, créera également un compte pour cet email.","","","","","","",""
"error_email_already_member","A user with this email is already registered","Cet email est déjà celui d'un membre","","","","","","",""
"error_description_bad","The description is not valid","La description n'est pas valide","","","","","","",""
"error_title_long","The title is to long","Ce titre est trop long","","","","","","",""
"error_description_long","The description is to long","La description est trop long","","","","","","",""
"error_cant_geolocate_msg","Sorry, MapX can't find your position","Désolé, MapX n'arrive pas à déterminer votre position actuelle.","","","","","","",""
"error_geolocate_issue","Geolocation issue","Problème de geolocalisation","","","","","","",""
"exponential","Continuous","Continue","","","","","","پیوسته","دوامداره"
"ext","Extractive","Extractif","","","","","","مواد استخراجی","استخراجي"
"fold_view_legend","Legend","Légende","","","","","","علایم","نښې"
"fold_view_tools","Tools","Outils","","","","","","ابزار","وسایل"
"fold_views_class","Filter views by classes","Filtrer les vues par classe","","","","","","فلتر نمایه ها به اساس صنف ها","د صنفونو په اساس لیدنې فلټر کړئ"
"fold_views_filter","Filter options","Filtres","","","","","","گزینه های فلتر","د فلټر انتخابونه"
"fold_views_sort","Sort views","Classer les vues","","","","","","مرتب سازی نمایه ها","لیدنې ترتیب کړئ"
"gj","Local GeoJSON","GeoJSON local","","","","","",""""
"inf","Infrastructure","Infrastructure","","","","","","زیر بنا","زیربنا"
"interval","Interval","Intervalle","","","","","","فاصله","انټروال"
"layer","Layer","Couche","","","","","","لایه","لایه"
"time_slider","Time slider","Slider temporel","","","","","","",""
"custom_code","Custom code","Code personalisé","","","","","","",""
"custom_style","Custom style","Style personalisé","","","","","","",""
"story_map","Story map","Story map","","","","","","",""
"dashboard","Dashboard","Dashboard","","","","","","",""
"left","Left","Gauche","","","","","","چپ","کیڼ"
"line","Line","Ligne","","","","","","خط","خط"
"loading_img","Image loading, please wait ...","Chargement de l'image, veuillez patienter ...","","","","","","تصویر در حال اجرا، لطفا منتظر باشید...","انځور ښکاره کیږي، مهرباني وکړی په تمه و اوسئ ..."
"login_cancel","Cancel","Annuler","","","","","","لغو","لغوه کړی"
"login_project","Project or country name in which the role applies","Projet ou nom du pays dans lequel le rôle s'applique","","","","","","نام پروژه یا کشور که در آن نقش عملی میشود","د هیواد او یا پروژې نوم چې رول (نقش) پکې پلی کیږي"
"login_email","Email","Email","","","","","","آدرس الکترونیکی","بریښنالیک"
"login_insert_pwd","Insert the single usage password","Entrez le mot de passe à usage unique","","","","","","رمز عبور را وارد نمایید","د واحد کارولو پټ کوډ د ننه کړی"
"login_first_before_action","You must authenticate yourself before doing this action","Vous devez vous identifier avant de faire cette action","","","","","","",""
"login_out","Log out","Quitter","","","","","","خروج","وتل"
"login_groups","Groups","Groupes","","","","","",""
"login_send_pwd","Send","Envoyer","","","","","","ارسال","لیږل"
"login_subtitle","Please enter your email to receive a single usage secure password","Veuillez entrer votre adresse email pour recevoir un mot de passe sécurisé, à usage unique","","","","","","لطفا آدرس الکترونیکی خود را جهت دریافت رمز عبور وارد نمایید","مهرباني وکړئ د خپل بریښنالیک پته د پټ کوډ د واردولو لپاره د ننه کړی"
"login_title","Log in","Identification ","","","","","","ورود","ننوتل"
"login_user_status","User status","Status de l'utilisateur","","","","","","",""
"more","More","Plus","","","","","","بیشتر","نور"
"noAbstract","[ Abstract missing ]","[ Résumé manquant ]","","","","","","فاقد خلاصه","لنډیز شتون نلري"
"noData","[ Missing value ]","[ Donnée manquante ]","","","","","","فاقد قیمت","ارزښت شتون نلري"
"noFilter","[ No filter ]","[ Sans filtre ]","","","","","","عدم موجودیت فلتر","فلتر شتون نلري"
"noLayer","[ No source layer ]","[ Pas de couche source ]","","","","","","فاقد لایه منبع","د لایې سرچینه شتون نلري"
"none","None","Aucun","","","","","","هیچکدام","هیڅ یو"
"noSelect","[ Empty selection ]","[ Sélection vide ]","","","","","","فاقد انتخاب ","انتخاب خالي دی"
"noTitle","[ Title missing ]","[ Titre manquant ]","","","","","","فاقد عنوان","عنوان شتون نلري"
"noVariable","[ Missing value ]","[ Donnée manquante ]","","","","","","فاقد قیمت","ارزښت شتون نلري"
"noViewOrig","[ No view available ]","[ Pas de vue disponible ]","","","","","","نمایش در دسترس نیست ","لیدنه شتون نلري"
"noView","[ Select a different project, category or country to display available data ]","[ Sélectionnez un autre projet pour voir les vues disponibles ]","","","","","","نمایش در دسترس نیست ","لیدنه شتون نلري"
"view_fetching","[ Fetch views {{vn}}/{{vl}} ]","[ Téléchargement des vues {{vn}}/{{vl}} ]","","","","","","",""
"nrg","Energy","Energie","","","","","","انرژی","انرژي"
"old_add_view","Add a new view","Ajouter une vue","","","","","","افزودن نمای جدید","نوې لیدنه اضافه کړئ"
"oth","Other","Autre","","","","","","سایر","نور"
"point","Point","Point","","","","","","نقطه","نقطه"
"pol","Politics","Politique","","","","","","سیاست","سیاسي"
"polygon","Polygon","Polygone","","","","","","چند ضلعی","څو ضلعي"
"public","Public","Public","","","","","","",""
"publish","Publish","Publier","","","","","","نشر","خپرول"
"publisher","Publisher","Editeur","","","","","","ناشران","خپروونکي"
"publishers","Publishers","Editeurs","","","","","","",""
"member","Member","Membre","","","","","","",""
"members","Members","Membres","","","","","","",""
"right","Right","Droite","","","","","","راست","ښی"
"rt","Raster tiles","Tuiles raster","","","","","","تایل راستری","رسټري ټیلونه"
"sat","Satellite imagery","Imagerie satellite","","","","","","تصویر ستلایتی","سټلایټي تصویر"
"save","Save","Sauvegarder","","","","","","ذخیره","ساتل"
"email","Email","Email","","","","","","",""
"invite_member_email","Invite a new member","Inviter un nouveau membre","","","","","","",""
"btn_invite","Invite","Inviter","","","","","","",""
"schema_class","Class","Classe","","","","","","صنف","صنف"
"schema_nulls","Missing values","Valeur manquante","","","","","","",""
"schema_color","Color","Couleur","","","","","","رنگ ","رنګ"
"schema_description","Description","Description","","","","","","توضیحات","تفصیل"
"schema_item","Item","Objet","","","","","","بخش","توکی"
"schema_key","Key","Clé","","","","","","کلید","کلۍ"
"schema_label","Label","Etiquette","","","","","","لیبل","نښه"
"schema_last_rule","Last rule","Dern. règle","","","","","","قانون آخر","وروستی قانون"
"schema_metadata","Meta data","Meta données","","","","","","ابرداده","میټا ډيټآ"
"schema_method","Method","Méthode","","","","","","روش","میتود"
"schema_opacity","Opacity","Opacité","","","","","","مکدریت","مکدریت"
"schema_rule","Rule","Règle","","","","","","قانون","قانون"
"schema_rules","Rules","Règles","","","","","","قوانین","قوانین"
"schema_size","Size","Taille","","","","","","اندازه","اندازه"
"schema_sprite","Symbol","Symbole","","","","","","سمبول","سمبول"
"schema_story_author","Author of the story","Auteur du récit","","","","","","مولف داستان","د تاریخچې لیکونکی"
"schema_story_map_pos","Position of the map","Position de la carte","","","","","","موقعیت نقشه","د نقشې ځای"
"schema_story_meta","Metadata","Métadonées","","","","","","ابرداده","میتا ډیټا"
"schema_story_org","Organisation name","Nom de l’organisation","","","","","","نام سازمان","د سازمان نوم"
"schema_story_pos_get","Update using current map parameters","Mettre à jour avec les paramètres actuels de la carte","","","","","","تجدید با استفاده از پارامتر های موجود","د اوسنۍ نقشې پارامترونه آپډیټ کړئ"
"schema_story_slide","Slide","Slide","","","","","","رانش","ښوئېدل"
"schema_story_slide_color"," Color theme"," Thème","","","","","","رنگ موضوع","د شالید رنګ"
"schema_story_slide_color_bg","Background color","Couleur de l'arrière plan","","","","","","رنگ پس زمینه","د شالید رنګ"
"schema_story_slide_color_fg","Text color","Couleur du texte","","","","","","رنگ متن","د متن رنګ"
"schema_story_slide_config","Configuration","Configuration","","","","","","عیار سازی","عیارول"
"schema_story_slide_layout"," Content layout"," Disposition du contenu","","","","","","طراحی محتوا","د منځپانګې ترتیب"
"schema_story_slide_opacity_bg","Background opacity","Opacité de l'arrière plan","","","","","","مکدریت پس زمینه","د شالید مکدریت"
"schema_story_slide_pos_z"," Depth (z axis)"," Profondeur (axe z)","","","","","","عمق (محور z)","ژوروالی (Z محور)"
"schema_story_slide_speed","Speed ratio","Vitesse de défilement","","","","","","تناسب سرعت","د چټکتیا نسبت"
"schema_story_slides","Slides","Slides","","","","","","رانش ها","ښوئېدنې"
"schema_story_step ","Step","Étape","","","","","","مرحله","مرحله"
"schema_story_step_content","Content","Contenu","","","","","","محتویات","منځپانګې"
"schema_story_step_title","Title ","Titre","","","","","","عنوان","عنوان"
"schema_story_steps","Steps","Étapes","","","","","","مراحل","مرحلې"
"schema_story_steps_title","Steps of the story","Étapes du récit","","","","","","مرحله از تاریخ","د تاریخچې مرحلې"
"schema_story_text_pos","Text position","Position du texte","","","","","","موقعیت متن","د متن ځای"
"schema_story_title","Story","Récit","","","","","","داستان","تاریخچه"
"schema_value","Value","Valeur","","","","","","قیمت","ارزښت"
"self","Myself","Moi même","","","","","","بنده","زه خپله"
"sm","Story","Récit","","","","","","تاریخچه","تاریخچه"
"soc","Social","Social","","","","","","اجتماعی","ټولنیز"
"source_meta_data","Metadata for the source","Métadonnées de la source","","","","","","عناوین برای منابع","د سرچینو لپاره عنوانونه"
"source_confirm_remove","Confirm source deletion","Confirmer la suppression de la source","","","","","","",""
"source_removed","Source deleted","Source supprimée","","","","","","",""
"source_raster_tile_legend","Url of the legend (png)","Url de la legend (png)","","","","","",""""
"source_raster_tile_size","Size of the tiles (pixels)","Taille des tuiles (pixels)","","","","","","اندازه پکسل ها","د پکسلونو اندازه"
"source_raster_tile_url","Url of tiles endpoint ","Url du serveur de tuiles","","","","","","آدرس پکسل های آخری","د وروستیو پکسلونو پته"
"source_raster_tile_url_metadata","Link to the metadata","Lien vers les métadonnées","","","","","",""""
"source_select_geometry","Source geometry type","Type de géométrie","","","","","","انواع منبع هندسی","د هندسي ډولونو سرچینه"
"source_select_layer","Source layer","Couche source","","","","","","لایه اصلی","د سرچینې لایه"
"source_select_layer_mask","Source layer mask","Couche source masque","","","","","","منبع لایه ماسک","د ماسک لایې سرچینه"
"source_select_variable","Source attribute","Attribut","","","","","","متحول اصلی","اصلي متغیر"
"source_select_variable_alt","Secondary attributes","Attributs secondaires","","","","","",""""
"source_select_variable_alt","Secondary attributes","Attributs secondaires","","","","","",""""
"source_target_readers","Groups with use access ","Groupes avec accès en utilisation","","","","","",""""
"source_target_editors","Groups with write access","Groupes avec accès en écriture","","","","","",""""
"download_select_format_vector","Output format","Format de sortie","","","","","",""""
"download_select_by_countries","Country used to spatially select the data","Pays utilisé(s) pour sélectionner spatialement les données","","","","","",""""
"download_file_name","Filename","Nom du fichier","","","","","",""""
"source_sum_geom_type","Type of the geometry","Type de géométrie","","","","","","انواع هندسی","هندسي ډولونه"
"source_sum_n_distinct","Number of distinct values","Nombre de valeurs distinctes","","","","","","تعداد  قیمت های متمایز","د مختلفو ارزښتونو تعداد"
"source_sum_n_null","Number of missing or null values","Nombre de valeurs manquantes ou nulles","","","","","","تعداد  قیمت های از دست رفته یا خالی","د لاسه وتلو او یا خالي قیمتونو تعداد"
"source_sum_n_row","Number of values","Nombre de valeurs  ","","","","","","تعداد قیمت ها","د ارزښتونو تعداد"
"source_sum_sample","Sample values","Echantillon de valeurs","","","","","","مقادیر نمونه","د بېلګو اندازه"
"source_sum_title","Variable summary","Résumé des valeurs","","","","","","خلاصه متحول ","متغیر لنډیز"
"source_sum_variable_type","Type of the attribut","Type de l'attribut","","","","","","انواع متحول","د متغیر لنډیز ډولونه"
"source_summary_check","Show attribut summary","Afficher le résumé de l'attribut","","","","","","نمایش خلاصه متحول","متغیر لنډیز ښکاره کړئ"
"source_time_range","Time range","Etendue temporelle","","","","","","محدوده زمانی","د وخت محدوده"
"source_title","Source title","Titre de la source","","","","","","عنوان اصلی","د سرچینې عنوان"
"str","Stress","Stress","","","","","","فشار","فشار"
"superuser","Superuser","Super-utilisateur","","","","","","ابر کاربران","لوی ګټه اخیستونکي"
"title_app","MapX","MapX","","","","","","MapX","MapX"
"user_profile","User profile","Profile de l'utilisateur","","","","","","",""
"title_settings","Settings","Préférences","Preferencias","","","","","تنظیمات","امستنې (تنظیمات)"
"title_settings_colors","Theme config","Configurateur de themes","","","","","",""""
"title_tools","Tools","Outils","Utilidades","","","","","ابزار","توکي"
"title_tools_db","Database","Base de données","","","","","","DB"""
"title_tools_admin_project","Projects","Projets","","","","","","",""
"title_tools_config","Configuration","Configuration","","","","","","",""
"title_tools_map","Map","Carte","","","","","","نقشه","نقشه"
"title_tools_share","Share","Partager","","","","","",""""
"title_tools_sources","Sources","Sources","","","","","","منابع","سرچینې"
"title_tools_views","Views","Vues","","","","","","نمایش","لیدنې"
"title_tools_dbself_info","Connection information","Information de connection","","","","","","",""
"title_tools_dbself_select","Select source(s) to edit","Sélectionner les sources à éditer","","","","","","",""
"title_views","Views","Vues","Vistas","","","","","نمایش","نظرونه"
"title_about","About","À propos","","","","","","",""
"top","Top","En haut","","","","","","بالا","پورته"
"ui_country","Select country","Sélectionnez le pays","","","","","","انتخاب کشور","هیواد وټاکی"
"ui_project","Select project","Sélectionnez le projet","","","","","","",""
"select_member_project","Switch to another project where you are a member","Passer à un autre projet où vous êtes membre","","","","","","",""
"ui_language","Language of the interface","Langue de l'interface","Idioma de la interfaz.","Язык интерфейса.","界面语言。","Sprache für das Interface.","ইন্টারফেস ভাষা","زبان رابط","د اړیکې ژبه"
"update_view_list","Update view list","Mise à jour de la liste des vues","","","","","","تجدید لست نمایش","د لیدنو لسټ آپدیټ کړئ"
"user","Registered user","Utilisateur enregistré","","","","","","کاربران ثبت شده","ثبت شوي ګټه اخیستونکي"
"group_project","Groups in project","Groupe dans le projet","","","","","","",""
"view","View","Vue","","","","","","نمایش","ښکاره کول"
"views","Views","Vues","","","","","","",""
"views_external","External views","Vues externes","","","","","","",""
"view_abstract","View abstract","Résumé de la vue","","","","","","نمایش خلاصه","لنډیز وګورئ"
"view_add_dashboard","Add a dashboard","Ajouter un dashboard","","","","","",""""
"view_add_download_btn","Allow download of the source","Autoriser le téléchargement de la source","","","","","",""""
"view_add_overlap_layer","Add a mask","Ajouter un masque","","","","","","افزودن نقاب","د ماسک زیاتول"
"view_classes","Classes","Classes","","","","","","طبقه ها","صنفونه"
"view_collections","Collections","Collections","","","","","",""""
"view_projects","Other projects where the view is visible","Autres projets où la vue est visible","","","","","",""""
"view_project","Project of the view","Projet de la vue","","","","","",""""
"view_country","Country of the view","Pays de la vue","","","","","",""""
"view_dashboard","Dashboard","Dashboard","","","","","",""""
"view_dashboard_config","Configure a dashboard","Configurer un dashboard","","","","","",""""
"view_dashboard_script","Your script","Votre script","","","","","",""""
"view_dashboard_src_layerChange","All attributes and values from the displayed features","Tous les attributs et valeurs affichés de la couche affichée","","","","","",""""
"view_dashboard_src_layerClick","All attributes and values from the clicked feature","Tous les attributs et valeurs de l'élement cliqué","","","","","",""""
"view_dashboard_src_none","None. Value provided by the script.","Aucune. Valeurs données dans le script","","","","","",""""
"view_dashboard_src_view","The frequency table of the selected attribute","La table de fréquence de l'attribut sélectionné","","","","","",""""
"view_dashboard_title","Dashboard title","Titre du dashboard","","","","","",""""
"view_dashboard_txt_height","Height class","Classe pour la hauteur","","","","","",""""
"view_dashboard_txt_script","Your script","Votre script","","","","","",""""
"view_dashboard_txt_which_data","Which source to use for the data ?","Quelle source utiliser pour les données?","","","","","",""""
"view_dashboard_txt_width","Width class","Classe pour la largeur","","","","","",""""
"view_dashboard_widget","Widget","Widget","","","","","",""""
"view_dashboard_widgets","Widgets","Widgets","","","","","",""""
"view_delete_confirm","Click on the confirm button to delete this view, its history and all translations.","Cliquer sur le button de confirmation pour supprimer cette vue, ainsi que son historique et toutes les traductions.","","","","","","بالای کلید تایید کلیک نمایید تا این نمایش، تاریخچه اش و تمام ترجمه هایش حذف گردد.","ددې لیدنې، د هغې د تاریخچې او ټولو ژباړو د پاکولو لپاره د تائید تڼۍ کیکاږئ "
"view_download_layer","Download the source layer","Télécharger la couche source","","","","","","دانلود لایه منبع ","د لایې سرچینه ډانلوډ کړئ"
"view_edit_current","Edit view","Edition de la vue","","","","","",""""
"view_id","View identifier","Identifiant de la vue","","","","","","نمایش مشخص کننده","پېژندونکی وګورئ"
"view_new_created","View created","Vue créée","","","","","","نمایه ایجاد شد","لیدنه جوړه شوه"
"view_new_text","Create a new View","Créer une vue","","","","","","ایجاد نمای جدید و افزودن آن به لست ","نوې لیدنه جوړه او لست ته یې اضافه کړئ"
"view_no_layer_found","No source layer found","Pas de couche source trouvée.","","","","",""," لایه منبع یافت نشد","د لایې سرچینه و نه موندل شوه"
"view_num_overlap","Number of overlaps","Nombre de chevauchements","","","","","","تعداد لایه های روی هم قرار گرفته","پر یوبل باندې د پرتو لایو شکیر"
"view_filter_input","Filter views ...","Filtrer les vues ...","","","","",""," جستجوی نمایه","لټون وګوری"
"view_search_values","Search values","Rechercher des valeurs","","","","",""," جستجوی ارقام","د لټون اندازه"
"view_show_abstract_languages","Show other languages abstract","Afficher le résumé dans les autres langues","","","","","","نمایش خلاصه به سایر زبانها","د نورو ژبو خلاصه (لنډیز)"
"view_show_title_languages","Show other languages titles","Afficher le titre dans les autres langues","","","","","","نمایش عناوین به سایر زبانها","د نورو ژبو د عنوانونو ښودل"
"view_target","Target group. Who can view this.","Groupe cible. Qui peut voir cette vue.","","","","","","گروه مورد نظر، کی دیده میتواند","هدف شوې ډله، څوک کولای شي دا وویني"
"view_target_readers","Read access groups","Groupes avec accès en lecture","","","","","","",""
"view_target_editors","Edit access groups","Groupes avec accès en édition","","","","","","",""
"view_text","View text"," Texte de la vue","","","","","","نمایش متن ","متن وګوری"
"view_title","View title","Titre de la vue","","","","","","نمایش عنوان","عنوان وګورئ"
"view_type_select","Type of the view","Type de la vue","","","","","","نوع نما","د لیدنې ډول"
"vt","Vector tiles","Tuiles vectorielles","","","","","","تایل ویکتوری","ویکتوري ټیلونه"
"wms","Web Map Service (wms)","Web Map Service (wms)","","","","","","خدمات آنلاین نقشه (WMS)","د نقشې آنلاین خدمتونه"
"src_download_issues","The source can't be downloaded","La source ne peut être téléchargée","","","","","","",""
"src_upload_issues","Upload issue(s)","Problème(s) avec le téléversement","","","","","","",""
"source_upload_vector","Upload new vector source","Téléverser une nouvelle source vectorielle","","","","","","",""
"upload_source_title","Title of the new source","Titre de la nouvelle source","","","","","","",""
"you_not_logged_in","You are not logged in.","Vous n'êtes pas connecté.","","","","","","",""
"you_not_allowed","You are not allowed to do this.","Vous n'êtes pas authorisé à faire cette action.","","","","","","",""
"src_download_disabled","The download is not allowed.","Le téléchargement n'est pas permis.","","","","","","",""
"mx_ui_text","Text of the interface","Texte de l'interface","","","","","","",""
"mx_ui_text_faded","Secondary text color","Couleur secondaire pour le texte","","","","","","",""
"mx_ui_hidden","Hidden elements","Élements non-visible","","","","","","",""
"mx_ui_border","Borders","Bordures","","","","","","",""
"mx_ui_background","Background","Arrière-plan","","","","","","",""
"mx_ui_shadow","Shadows","Ombrage","","","","","","",""
"mx_map_background","Map: background","Carte : Arrière plan","","","","","","",""
"mx_map_mask","Map: coutry shadow","Carte : Ombrage des pays","","","","","","",""
"mx_map_water","Map: water","Carte : cours d'eau","","","","","","",""
"mx_map_road","Map: road","Carte : routes","","","","","","",""
"mx_map_admin","Map: boundaries","Carte : frontières","","","","","","",""
"mx_map_admin_disputed","Map: disputed boundaries","Carte : frontières disputées","","","","","","",""
"mx_map_text","Map: text","Carte : texte","","","","","","",""
"list_publishers","List of publishers","Liste des éditeurs","","","","","","",""
"list_members","List of members","Liste des membres","","","","","","",""
"list_admins","List of administrators","Liste des administrateurs","","","","","","",""
"new_publishers","New publishers","Nouveaux éditeurs","","","","","","",""
"new_members","New members","Nouveaux membres","","","","","","",""
"new_admins","New administrators","Nouveaux administrateurs","","","","","","",""
"rem_publishers","Publishers removed","Editeurs supprimés","","","","","","",""
"rem_members","Members removed","Membres supprimés","","","","","","",""
"rem_admins","Administrators removed","Administrateurs supprimés","","","","","","",""
"no_changes","No change","Pas de changement","","","","","","",""
"roles_updated","Roles updated","Rôles mis à jours","","","","","","",""
"roles","Roles","Rôles","","","","","","",""
"success_update","Update successful","Mise à jour réussie","","","","","","",""
"error_roles_no_admins","Require at least one admin","Requiert au moins un administrateur","","","","","","",""
"error_views_need_data","Deletion of a source disabled because at least one view depends on it","La suppression d'une source est désactivée tant qu'une vue dépend de cette source","","","","","","",""
"error_views_need_publishers","At least one view needs this source to be available for publishers. Update disabled.","Au moins une vue a besoin d'un accès en utilisation pour les éditeurs. Mise à jour non-autorisée","","","","","","",""
"error_roles_removed_self","You can't remove yourself from admin group","Vous ne pouvez pas vous-même vous enlever du groupe des administrateurs","","","","","","",""
"project_public","This project is public. It will be listed in the catalog of projects. All public views published in this project will be readable for everyone.","Ce projet est public. Il va être listé dans le catalogue des projets. Toutes les vues publiques publiées dans ce projet seront également visibles à tous.","","","","","","",""
"project_delete_confirm_title","Write the project name you want to delete","Écrivez le titre du projet que vous désirez supprimer","","","","","","",""
"project_invite_modal_title","Invite a new member","Inviter un nouveau membre","","","","","","",""
"btn_show_invite_member","Invite a new member","Inviter un nouveau membre","","","","","","",""
"project_invite_message_compose","Compose invite email","Écrivez le message d'invitation","","","","","","",""
"project_invite_message_sent","Email sent.","Email envoyé.","","","","","","",""
"project_invite_message_tips","The tag <link> will be replaced by an encrypted link.","Le tag <link> va être replacer par le lien définitif lors de l'envoi","","","","","","",""
"project_invite_message","Hi!\nI would like to invite you as a member to the project <projectname> in MapX.\nPlease click on the provided link to confirm.\n<link>\nThe administrator of the project <projectname>","Bonjour!\nJe souhaite vous inviter en tant que membre du projet <projectname> dans MapX.\nMerci de confirmer en cliquant le lien ci-dessous:\n<link>\nBonne journée !\nL'administrateur du projet <projectname>","","","","","","",""
"project_invite_message_confirm","Hi!\n\nThanks for reaching us.\nTo confirm your membership to the project <projectname> in MapX, please click on the following link:\n<link>\nBest regards,\nThe administrator of the project <projectname>","Bonjour!\n\n Merci de nous avoir contacté pour devenir membre du projet <projectname> dans MapX. \n Merci de confirmer votre demande en cliquant le lien ci-dessous:\n<link>\nBonne journée !\nL'administrateur du projet <projectname> ","","","","","","",""
"project_countries_highlight","Countries to be highlighted on the map","Pays mis en évidence sur la carte","","","","","","",""
"project_search_values","Search projects","Rechercher de projets","","","","","","",""
"project_saved","Project saved","Projet sauvegardé","","","","","","",""
"project_created","Project %1$s created","Projet %1$s créé","","","","","","",""
"project_deleted","Project deleted","Projet supprimé","","","","","","",""
"project_delete_analyze","Analysing, please wait...","Analyse, veuillez patienter...","","","","","","",""
"project_delete_number_of_sources","Number of sources to delete","Nombre de sources à supprimer","","","","","","",""
"project_delete_number_of_views","Number of views to delete","Nombre de vues à supprimer","","","","","","",""
"project_delete_title","Project deletion","Suppression du projet","","","","","","",""
"project_new_title","Title of the project","Titre du projet","","","","","","",""
"project_list","List of projects","Liste des projets","","","","","","",""
"project_list_select_desc","Click on a project name to access it. If you are not member of a project, you can ask to join it by clicking the join button ","Cliquez sur le nom d'un projet pour y accéder. Si vous n'êtes pas membre d'un projet, vous pouvez demander d'y adhérer en cliquant sur le lien d'adhésion.","","","","","","",""
"project_title","Title","Titre","","","","","","",""
"project_description","Description","Description","","","","","","",""
"project_settings","Project settings","Configuration du projet","","","","","","",""
"project_map_pos_set","Initial map position","Position initiale de la carte","","","","","","",""
"project_map_pos_get","Use current map parameters","Utiliser les paramètres actuels de la carte","","","","","","",""
"map_fit_to_bounds","Use extent to center the map","Utiliser l'étendue pour centrer la carte","","","","","","",""
"map_zoom","Zoom","Zoom","","","","","","",""
"map_longitude_center","Longitude at center","Longitude au centre","","","","","","",""
"map_latitude_center","Latitude at center","Latitude au centre","","","","","","",""
"map_pitch","Camera pitch","Inclinaison de la caméra","","","","","","",""
"map_bearing","Camera bearing","Orientation de la caméra","","","","","","",""
"map_north_max","Max north latitude","Max. latitude nord","","","","","","",""
"map_south_max","Max south latitude","Max. latitude sud","","","","","","",""
"map_east_max","Max east longitude","Max. longitude est","","","","","","",""
"map_west_max","Max west longitude","Max. longitude ouest","","","","","","",""
"view_validated","View validated","Vue validée","","","","","","",""
"view_editable","View editable","Vue éditable","","","","","","",""
"view_locked","View locked","Vue verouillée","","","","","","",""
"txt_too_short_min_5","Text too short, minimum 5 characters","Text trop court, minimum 5 charactères","","","","","","",""
"txt_email_not_valid","Email not valid","Email non valide","","","","","","",""
"project_request_membership_message","Hi!\nPlease add me to the project <projectname>. \nBest regards,\nA motivated future member\n","Bonjour,\nMerci de m'inscrire comme membre du projet <projectname>\nCordialement,\nUne future membre motivée ","","","","","","",""
"project_request_membership_message_compose","Membership request","Demande d'adhésion","","","","","","",""
"project_request_membership_message_recap","A membership request from <from> has been received. \nMessage : \n-\n<msg>\n-\nConfirmation : <link>\nData : <data>\n","Une demande d'adhésion de la part de <from> a été reçue. \nMessage: \n-\n<msg>\n-\nConfirmation: <link>\nData: <data>\n","","","","","","",""
"project_request_membership_message_sent","Rquest sent.","Demande envoyée.","","","","","","",""
