id,en,fr,es,ru,zh,de,bn,fa,ps
additional_doc_desc,"If any, list of additional documents","Si applicable, liste des documents additionnels","Si aplica, lista de documentos adicionales",NA,NA,NA,NA,اگر هر گونه، لست اسناد اضافی,که د اضافي اسنادو کوم نوملړ
additional_doc_items_desc,Related documents such as technical information about a dataset,"Documents liés, par example documentation technique, article scientifique ou autre","Documentos relacionados, por ejemplo documentos técnicos, artículos científicos u otros",NA,NA,NA,NA,اسناد مرتبط مثل اطلاعات تخنیکی در باره مجموعه اطلاعات,ورته اسناد لکه د ډیټابیس په هکله تخنیکي معلومات
additional_doc_items_title,List of annexes,Liste des annexes,Lista de anexos,NA,NA,NA,NA,لست ضمایم,د ضمیمو نوملړ
additional_doc_item_title,Document,Document,Documentos,NA,NA,NA,NA,سند,اسناد
additional_doc_item_url,URL to the document,URL pointant vers le document,URL hacia el documento,NA,NA,NA,NA,برای سند URL ,د سند لپاره URL
additional_doc_title,Annexes,Annexes,Anexos,NA,NA,NA,NA,ضمایم ,ضمیمې
annually,Data is updated every year,La donnée est mise à jour chaque année,Los datos son actualizados cada año,NA,NA,NA,NA,اطلاعات هر ساله تجدید می شوند,ډیټا هر کال نوې کیږي
as_needed,Data is updated as deemed necessary,La donnée est mise à  jour lorsque cela est nécessaire,Los datos son actualizados cada vez que sea necesario,NA,NA,NA,NA,اطلاعات به صورت ضروری تجدید می شوند,دیټا د اړتیا په صورت کې نوې کیږي
attribute_desc_title,Description,Description,Descripción,NA,NA,NA,NA,شرح,تفصیلات
attribute_item_title,Attribute,Attribut,Atributo,NA,NA,NA,NA,ویژه گی ,ځانګېړنه
attribute_name_title,Attribute name,Nom de l'attribut,Nombre del atributo,NA,NA,NA,NA,نام ویژه گی ,د ځانګېړنې نوم
attributes_desc,Description of the attributes contained in the data,Description des attributs de la donnée,Descripción de los atributos de la base de datos,NA,NA,NA,NA,شرح ویژه گی های که در اطلاعات موجود می باشد,د ځانګېړنو په هکله تفصیلات په ډیتا کې شتون لري.
attributes_list_title,Attributes list,Liste d'attributs,Lista de atributos,NA,NA,NA,NA,لست ویژه گی ها,د ځانګېړنو نوملړ
attributes_title,Attributes,Attributs,Atributos,NA,NA,NA,NA,ویژه گی ها,ځانګېړنې
biannually,Data is updated twice each year,La donnée est mise à  jour deux fois par an,Los datos son actualizados dos veces por año,NA,NA,NA,NA,اطلاعات دو بار در سال تجدید می شوند,ډیټا په کال کې دوه ځله نوې کیږي
confirm_source_remove,Are you sure to delete the source with all related views and metadata ? This can't be undone,Êtes-vous certain de vouloir supprimer cette source ainsi que toutes les vues et métadonnées liées ? L'opération ne peut pas être annulée.,¿Está seguro de eliminar el recurso con todas las vistas y metadatos relacionados? La operación no podrá ser anulada,NA,NA,NA,NA,آیا مطمئن هستید که منبع را با تمام مشاهدات و ابرداده های مرتبط حذف شود؟ این کار را نمیتوان لغو کرد,آیا تاسو ډاډه یاست چې سرچینه د ټولو مربوطه لیدنو او میټا ډیټا سره پاکه کړئ؟ دا بیا نه موندل کیږي
contact_address,Contact address,Addresse du contact,Dirección del contacto,NA,NA,NA,NA,آدرس مخاطب,د مخاطب پته
contact_desc,Information about people or organisation related to this data,Information sur les personnes ou organisations liées à la donnée, Información de contacto de la persona o organización relacionados con datos,NA,NA,NA,NA,معلومات مربوط به افراد یا سازمان مرتبط به این اطلاعات,د هغو افرادو او سازمانونو په هکله معلومات چې په دې ډیټا پورې اړه لري
contact_email,Contact email,Email du contact,Correo electrónico del contacto,NA,NA,NA,NA,ایمل مخاطب,د مخاطب د بریښنالیک پته
contact_function,Function,Fonction,Función,NA,NA,NA,NA,عملکرد,فعالیت
contact_function_desc,"Name of the contact function, e.g. Administrator, Publisher","Nom de la fonction du contact : par ex. Administrateur, Editeur",Nombre de la función del contacto. Ej. Administrador,NA,NA,NA,NA,نام مخاطب عمل کننده، مثل مدیر، ناشر ,د فعایت کوونکو مخاطبینو نومونه، لکه: اداره کوونکی، خپروونکی
contact_item_title,Contact,Contact,Contacto,NA,NA,NA,NA,مخاطب,مخاطبین
contact_list_title,List of contacts,Liste des contacts,Lista de contactos,NA,NA,NA,NA,لست مخاطبین,د مخاطبینو نوملړ
contact_name,Contact name,Nom du contact,Nombre del contacto,NA,NA,NA,NA,نام مخاطب  ,د مخاطبینو نومونه
contact_title,Contacts,Contacts,Contactos,NA,NA,NA,NA,مخاطبین,مخاطبین
continual,Data is repeatedly and frequently updated,La donnée est mise à  jour en continu,Los datos son actualizados con frecuencia,NA,NA,NA,NA,اطلاعات مکرراَ و دوره ایی تجدید شده اند,ډیټا په دوامدار او دوراني ډول نوې کیږي.
daily,Data is updated each day,La donnée est mise à  jour chaque jour,Los datos son actualizados todos los días,NA,NA,NA,NA,اطلاعات هر روز تجدید شده اند,ډیټا هره ورځ نوې کیږي.
data_integrity_desc,Evaluation of the data integrity,Evaluation de l'intégrité des données,Evaluación de la integridad de los datos,NA,NA,NA,NA,ارزیابی یکپارچگی اطلاعات ,د ډیټا د بشپړتیا ارزیابي
data_integrity_title,Integrity,Intégrité,Integridad,NA,NA,NA,NA,یکپارچگی ,بشپړتیا
di_1_1,Is the data documented?,La donnée est-elle documentée?,¿Los datos están documentados?,NA,NA,NA,NA,آیا اطلاعات مستند شده اند؟,آیا ډیتا مستنده شوېده؟
di_1_1_desc,"Does the data provider have the capacity to document the data and provide basic metadata (e.g. name, coordinate system, year, update frequency, description, and methodology)? ","Le fournisseur de la donnée a-t'il  la capacité de documenter la donnée et de fournir un jeu de métadonnées basique (par ex. système de coordonnées, année, fréquence de mise à jour, description, méthodologie sous-jacente) ?",Tiene el proveedor de datos la capacidad de documentar los datos y proporcionar metadatos básicos (por ejemplo,NA,NA,NA,NA,آیا تولید کننده اطلاعات ظرفیت سند سازی اطلاعات و تهیه ابرداده اولیه را  (مثل. نام، سیستم کواردینات، سال، دوره به روز رسانی، شرح، و روش ) دارند؟,آيا د ډیټا تولیدوونکئ ددې وړتیا لري چي ډیټا مستنده کړي او ابتدائي میټا ډیټا (لکه: نوم، د کوردیناتو سیستم، کال، د نوي کولو نیټه، تفصیل، او میتود) وړاندې کړي؟
di_1_2,Does the data provider have the relevant mandate?,Le fournisseur de la donnée fait-il autorité ?,¿El proveedor de datos tiene un mandato relevante?,NA,NA,NA,NA,آیا تولید کننده اطلاعات حکم مرتبط را دارد؟,آیا د ډیټا وړاندې کوونکئ مربوطه حکم لري؟
di_1_2_desc,Does the data provider have a mandate or legal requirement to collect the data?,Le fournisseur de la donnée a-t'il un mandat officiel pour collecter la donnée ?,¿El proveedor de datos tiene un mandato o requisito legal para recolectar los datos?,NA,NA,NA,NA,آیا تولید کننده اطلاعات حکم یا تقاضای قانونی برای جمع آوری اطلاعات دارد؟,آیا د ډیټا وړاندې کوونکئ د ډیټا راټولولو قانوني جواز لري؟
di_1_3,Is the data subject to internal quality control?,La donnée fait-elle l'objet d'un contrôle interne de qualité ?,¿Están los datos sujetos al control de calidad interno?,NA,NA,NA,NA,آیا اطلاعات به کنترول کیفیت داخلی می پردازند؟,آیا ډیټا د داخلي کیفیت کنټرول تابع ده؟
di_1_3_desc,Has the data been subject to data quality assurance and control processes? ,La donnée a-t'elle fait l'objet de processus de contrôle et d'assurance qualité ?,¿Los datos han seguido un procesos de control de calidad?,NA,NA,NA,NA,آیا اطلاعات به فرآیندهای اطمینان و کنترل پروسه کیفیت اطلاعات پرداخته اند؟,آیآ د ډیټا د کیفیت څخه اطمینان حاصل شوی دی؟
di_1_4,Is the data subject to external quality control?,La donnée fait-elle l'objet d'un contrôle externe de qualité ?,¿Los datos han seguido un procesos de control de calidad externo?,NA,NA,NA,NA,آیا اطلاعات تحت کنترول کیفیت خارجی قرار گرفته است؟,آیا د ډیټآ د خارجی کیفیت کنټرول شوی دی؟
di_1_4_desc,Are the data sets subject to external auditing or peer review processes?  ,Le jeu de données est-il assujetti à des processus d'audit externe ou d'examen par les pairs?,¿Están las bases de datos sujetos a procesos de auditoría externa o revisión por pares?,NA,NA,NA,NA,آیا اطلاعات تحت تفتیش خارجی یا  پروسه مرور  قرار گرفته است؟,آیا ډیټا د بهرنیو همکارانو د پلټنو او بیا کتنې پروسې طۍ کړې دي؟
di_2_1,Is the data machine-readable?,La donnée est-elle lisible par la machine ?,¿Los datos son legibles por máquina?,NA,NA,NA,NA,آیا اطلاعات  قابل خواندن برای ماشین است؟,آیا ډیټا د ماشین په واسطه د لوستلو وړتیا لري؟
di_2_1_desc,"Data is machine-readable if it is in a format that can be easily structured and exploited by a computer. Good examples of machine-readable files are SQL, JSON, XML, DBF and to a lesser extent Excel","Une donnée est 'lisible par machine' quand elle est dans un format qui peut facilement être structuré et exploité par un ordinateur. Des exemple intéressants de fichiers ‘lisibles par machine’ sont SQL, JSON, XML, DBF et dans une moindre mesure Excel","Los datos son legibles por máquina si se trata de un formato que puede ser fácilmente estructurado y explotado por un ordenador. Los buenos ejemplos de archivos legibles por máquina son SQL, JSON, XML, DBF y en menor medida Excel",NA,NA,NA,NA,اگر اطلاعات دارای ساختار آسان بوده و  توسط کمپیوتر به آسانی قابل استفاده باشد قابلیت خوانش توسط ماشین را داراست. مثال های خوب فایل های که قابلیت خوانش توسط ماشین را دارد SQL، JSON، XML، DBF و حجم کم اکسل میباشند,که چیرې ډیټا په داسې یو چوکاټ کې وي چې په آسانه تنظیم او د کمپیوټر په واسطه د کارولو وړتیا ولري د ماشین په واسطه د لوستلو وړتیا لري. د ماشین په وسیله د لوستلو وړ فایلونو ښې بیلګې SQL، JSON، XML، DB او کم حجم لرونکې ایکسل فایلونه دي.
di_2_2,Is the data available online?,La donnée est-elle disponible en ligne ?,¿Los datos están disponibles en línea?,NA,NA,NA,NA,آیا اطلاعات آنلاین در دسترس است؟,آیا ډیټا په آنلاین بڼه شتون لري؟
di_2_2_desc,This question addresses whether the data is available online from an official source. This does not mean that the data is necessarily updated or maintained,Cette question porte sur la disponibilité de la donnée à partir d'une source en ligne. Cela ne signifie pas que la donnée est maintenue,Esta pregunta se refiere a si los datos están disponibles en línea desde una fuente oficial. Esto no significa que los datos sean necesariamente actualizados o mantenidos,NA,NA,NA,NA,این سوال بیانگر این است که آیا اطلاعات از یک منبع رسمی آنلاین در دسترس است. این بدان معنا نیست که داده ها لزوما تجدید و یا نگهداری شده است.,دا پوښتنه دا په ډاګه کوي چې آیا ډیټا په یوه رسمي سرچینه کې په آنلاین بڼه شتون لري او که نه. دا په دې معنا نه ده چې ډیټا په ضروري شکل شامله شوې او یا نوې شوې ده.
di_2_3,Is the data available in a non-fragmented state?,La donnée est-elle disponible dans un état non fragmenté ?,NA,NA,NA,NA,NA,آیا اطلاعات در یک حالت غیر تفکیک شده در دسترس هستند؟,آیا ډیټا په یو غیر تفکیک شوې بڼه د لاسرسي وړ ده؟
di_2_3_desc,"Data is available in bulk if the whole dataset can be downloaded or accessed easily. Conversely it is considered non-bulk if the citizens are limited to just parts of the dataset (e.g., if restricted to querying a web form and retrieving a few results at a time)","La donnée est disponible sous forme non fragmentée si l'ensemble du jeu de données peut être téléchargé ou est facilement accessible. Inversement, elle est considérée comme fragmentée si les citoyens sont limités à l'obtention d'une partie du jeu de données (p. ex., si limité à l'interrogation d'un formulaire Web et à la récupération de quelques résultats à la fois à partir d'une très grande base de données)","Los datos están disponibles en forma no fragmentada. Es decir, si todo el conjunto de datos puede ser descargado o es de fácil acceso en un solo paso. A la inversa, se considera fragmentada si los ciudadanos se limitan a la obtención de una porción del conjunto de datos (p. Ej., Si está restringido a consultar un formulario web y recuperar unos pocos resultados a la vez)",NA,NA,NA,NA,اطلاعات به طور توده‌یی در دسترس هستند اگر  مجموعه اطلاعات به راحتی قابل دانلود و یا دسترسی میباشد. برعکس، اطلاعات غیر توده‌یی هستند٬‌در صورتیکه شهروندان تنها به بخش هایی از مجموعه اطلاعات دسترسی داشته باشند. (مثلا٬ اگر به پرس و جوی یک فورم انترنیتی محدودیت وجود داشته و نتایج اندک در یک زمان بدست آید),که چیرې ټول ډیټاسیټ په آسانۍ سره د لاسرسي او ډانلوډ وړ وي ډیټا په پراخه کچه د لاسرسي وړ ګڼل کېږي، برعکس؛ که چېرې د ګټه اخیستونکي لاسرسئ  صرف د ډیټاسیټ یوې برخې ته محدود وي ډیټا په پراخه کچه د لاسرسي وړ نه ګڼل کېږي ( د مثال په توګه که چېرې د یوه انټرنیټي فورم د پوښتنو او پلټنو په اړه محدودیت شتون ولري او لږ معلومات په یوه وخت کې لاس ته راشي)
di_2_4,Does the data comply with OGC standards? ,La donnée est-elle conforme avec les standards de l'OGC ?,¿Los datos cumplen con los estándares OGC?,NA,NA,NA,NA,آیا اطلاعات با ستندردهای OGC مطابقت دارد؟,NA
di_2_4_desc,"Is the data compliant with applicable Open Geospatial Consortium standards, e.g. Web Map Service (WMS)?","La donnée est-elle conforme avec les standards de l'Open Geospatial Consortium, par ex. le Web Map Service (WMS) ?","¿Es compatible con los estándares de Open Geospatial Consortium, ej. Servicio de mapas web (WMS)?",NA,NA,NA,NA,آیا اطلاعات با استانداردهای کنسرسیوم مجتمع باز جغرافیایی مطابقت دارد؟ به عنوان مثال سرویس نقشه ویب (WMS),آیا ډیټا د خلاص جیوفضائي کانسرسیوم د سټنډرډونو لکه د بريښنایې نقشو د خدمتونو (WMS) مطابق ده؟
di_3_1,Is the data publicly available?,La donnée est-elle disponible publiquement?,¿Los datos están disponibles públicamente?,NA,NA,NA,NA,آیا اطلاعات به صورت عمومی در دسترس هستند؟,آیا ډیټا په عام ډول د لاسرسي وړ ده؟
di_3_1_desc,‘Publicly available’ means that the data can be accessed by the public in some form either from websites or physical documents (even if the data is available for purchase),‘Public’ signifie que le public peut accéder à la donnée depuis un site web ou sur support physique (même si la donnée est payante),"“A disposición publica"" significa que el público puede acceder a los datos de alguna forma",NA,NA,NA,NA," دسترس عموم"" بدین معنی است که اطلاعات توسط برخی افراد از طریق وب سایت ها یا اسناد فیزیکی قابل دسترس می باشند (حتی اگر اطلاعات برای خرید در دسترس باشند)",په عام ډول د لاسرسی وړ په دی معنا ده چې ډیټاګانې د عامو خلکو لپاره په هارډ شکل او هم د ویب سایټ له لارې د لاسرسي وړ دی( حتا که چیرې ډیټا د پلورلو لپاره آماده وي.
di_3_2,Is the data accessible to the public without discrimination of users?,La donnée est-elle accessible au public sans discrimination des utiisateurs ?,¿Los datos son accesibles al público sin discriminación de usuarios?,NA,NA,NA,NA,آیا اطلاعات بدون تبعیض کاربران قابل دسترس است؟,آیا ډیټا د عامو خلکو لپاره بدون له کوم تبعیض څخه د لاسرسي وړ ده؟
di_3_2_desc,Can any user anonymously download the data or is registration required?,Est-ce que n'importe quel utilisateur peut télécharger la donnée de manière anonyme ou un enregistrement est-il nécessaire ?,¿Puede cualquier usuario descargar los datos de forma anónima o se requiere registro?,NA,NA,NA,NA,آیا هر کاربر ناشناس می تواند اطلاعات را دانلود کند یا ثبت نام لازم است؟,آیا هر نا معلوم ګټه اخیستونکئ کولای شي چې ډیټا ډانلوډ کړي او یا د نوم ثبتول اړین دي.
di_3_3,Is the data available free of charge?,La donnée est-elle disponible gratuitement ?,¿Los datos están disponibles gratuitamente?,NA,NA,NA,NA,آیا اطلاعات به صورت رایگان در دسترس هستند؟,آیا ډیټا په وړیا ډول د لاسرسي وړ ده او که مصرف لري؟
di_3_3_desc,"Compliance with GEOSS data sharing principle #2: ""where international instruments, national policies or legislation preclude the sharing of data as Open Data, data should be made available with minimal restrictions on use and at no more than the cost of reproduction and distribution;""","Conformité avec le deuxième principe de partage de la donnée de GEOSS : ""lorsque les instruments internationaux appropriés et les politiques et législations nationales empêchent le partage de la donnée de manière ouverte, les données, métadonnées et produits seront rendus disponibles au plus vite et au coût minimal, c'est-à-dire pas plus chers que leur coût de reproduction et de distribution;""","En conformidad con el segundo principio de la distribución de la información de GEOSS: ""cuando los instrumentos internacionales",NA,NA,NA,NA,"مطابقت با اصل شریک سازی اطلاعات GEOSS # 2: زمانی که ابزارهای بین المللی، سیاست های ملی یا قوانین مانع شریک سازی اطلاعات به عنوان داده های باز ٬ می شود، داده ها باید با حداقل محدودیت های استفاده و نباید بالاتر از هزینه تولید و توزیع در دسترس قرار گیرد""","د GEOSS سره د ډیټا شریکولو دوهم اصل: "" په کوم ځای کې چې نړیوال وسایل، ملي پالیسۍ یا قوانین د ډیټاګانو د آزاد شریکولو مانع وي معلومات باید په ترټولو کم محدودیت او بدون د تولید له مصرف څخه د لاسرسي وړ وي."
di_3_4,Is there an open license for the data?,La donnée possède t'elle une license ouverte ?,NA,NA,NA,NA,NA,آیا یک مجوز باز برای اطلاعات وجود دارد؟,آیا د ډیټا لپاره کوم آزاد جواز وجود لري
di_3_4_desc,"This question addresses whether the dataset is openly licensed. It needs to state the terms of use or license that allow anyone to freely use, reuse or redistribute the data (subject to attribution and share alike requirements)","Cette question porte sur le fait que la donnée soit soumise à licence ouverte. Il convient de préciser les conditions d'utilisation qui permettent à quiconque d'utiliser librement, réutiliser ou redistribuer la donnée (sujet tout au plus à citation ou au partage à l'identique)",NA,NA,NA,NA,NA,این سوال بیانگر این است که آیا مجموعه اطلاعات به صورت باز قابل مجوز است. لازم است که شرایط استفاده یا مجوز  مشخص شود تا هرکسی بتواند آزادانه استفاده، استفاده مجدد یا توزیع مجدد داده ها را کند.  (با توجه به تخصیص و اشتراک گذاری الزامات مشترک),دا پوښتنه دا په ډاګه کوي چې آیا ډيټاسیت آزاد جواز لري. لازمه ګڼل کېږي چې د ګتې اخیستنې او یا جواز هغه شرطونه ذکر کړئ چې هر چاته اجازه ورکوي چې په وړیا ډول ترې ګټه واخلي، د ډیټا څخه بیا ګټه واخلي او یا بیا خپره کړي (د ګډو الزاماتو په نظر کې نیولو سره)
di_4_1,Does the data provider have the technical capacity to manage and update the layer?,Le fournisseur de la donnée a-t'il la capacité de gérer et de mettre à jour la donnée?,¿Tiene el proveedor de datos la capacidad técnica para gestionar y actualizar la capa?,NA,NA,NA,NA,آیا تولید کننده اطلاعات دارای ظرفیت تخصصی برای مدیریت و تجدید لایه هستند؟,آیا د ډیټا چمتو کوونکئ د لایو د تنظیم او نوي کولو تخنیکي ظرفیت لري؟
di_4_1_desc,"The data provider is able to maintain, update and publish it on a regular basis ","Le fournisseur de la donnée a la capacité de maintenir, de mettre à jour et de publier la couche de manière régulière (pas nécessairement en WMS)","El proveedor de datos es capaz de mantener, actualizar y publicar sobre una manera regular",NA,NA,NA,NA,تولید کننده اطلاعات قادر به حفظ، تجدید و انتشار آن به طور منظم است,د ډیټا چمتو کوونکئ ددې وړتیا لري چې ډیټا په نومال ډول شامله، نوې او خپره کړي.
di_4_2,Does the data provider have a long-term mandate and financial means?,Le fournisseur de la donnée a-t'il un mandat à long terme et des moyens financiers pour le mener à bien ?,¿El proveedor de datos tiene un mandato a largo plazo y medios financieros?,NA,NA,NA,NA,آیا تولید کننده اطلاعات دارای یک وظیفه درازمدت و با امکانات مالی است؟,آیا د ډيټا چمتو کوونکئ یوه اوږدمهاله دنده او مالي وسایل لري؟
di_4_2_desc,Does the data provider have a long-term mandate and related resources to ensure continuity in data collection and publication? ,Le fournisseur de la donnée a-t'il un mandat à long terme et les ressources nécessaires pour garantir la continuité de la collecte et la publication de la donnée ?,¿El proveedor de datos tiene un mandato a largo plazo y recursos relacionados para asegurar la continuidad en la recolección y publicación de datos?,NA,NA,NA,NA,آیا تولید کننده اطلاعات دارای مجوز دراز مدت و منابع مرتبط برای اطمینان از تداوم در جمع آوری و انتشار اطلاعات است؟,آیا د ډیټا چمتو کوونکئ یوه اوږدمهاله دنده او مربوطې سرچینې لري چې د ډیټا راټولولو او خپرولو د دوام څخه اطمینان ورکړي؟
di_4_3,Can the data layer be dynamically streamed and shared using an API,La couche peut-elle être diffusée dynamiquement et partagée en utilisant une API ?,¿Puede la capa de datos ser dinámicamente transmitida y compartida usando una API?,NA,NA,NA,NA,لایه اطلاعات می تواند به صورت دینامیک جریان داده شده و با استفاده از یک API به اشتراک گذاشته شود,آیا د ډیټا لایه په ډینامیک ډول خپریدلای او د API څخه په ګټه اخیستنه شریکیدلای شي؟
di_4_3_desc,Is the data interoperable with MAP-X to enable dynamic streaming/automatic updates? ,La donnée est-elle desservie par la plateforme en ligne MAP-X de manière dynamique afin de refléter les mises à jour côté fournisseur de la donnée ?,¿Los datos son interoperables con MAP-X para permitir la transmisión dinámica/automática de las actualizaciones?,NA,NA,NA,NA,"
آیا اطلاعات با MAP-X همکاری می کنند تا قابلیت های جریان دینامیکی / تجدید خودکار را فعال کنند؟",آیا ډیټا له MAP-X سره مطابقت لري چې په ډینامیک خپرولو او یا اتومات ډول نوي کیدلو کې مرسته وکړي؟
di_4_4,Does the data support measuring of SDGs?,La donnée supporte-t'elle la mesure des ODD ? ,¿Los datos apoyan a la medición de los ODS?,NA,NA,NA,NA,آیا اطلاعات از SDGs پشتبانی می کند؟,آیا ډيټا د SDGs په اندازه ګیرۍ کې مرسته کوي؟
di_4_4_desc,Can the dataset be aligned with measuring progress towards achievement of Sustainable Development Goals?,Le jeu de donnée peut-il être aligné avec la mesure du progrès dans l'accomplissement des Objectifs de Développement Durable ?,¿La base de datos puede estar alineada con la medición del progreso de los objetivos de desarrollo sostenible?,NA,NA,NA,NA,آیا  مجموعه اطلاعات با اندازه گیری پیشرفت جهت دستیابی به اهداف انکشاف پایدار٬‌همسو خواهد بود؟,آیا د معلوماتو مجموعه د دوامدارې پراختیا د موخو له پرمختګ سره سمون لري؟
dont_know,I don't know,Je ne sais pas,No se sabe,NA,NA,NA,NA,من نمی دانم,زه نه پوهیږم
fortnightly,Data is updated every two weeks,La donnée est mise à  jour 2 fois par mois,Los datos son actualizados 2 veces por mes,NA,NA,NA,NA,اطلاعات هر دو هفته تجدید می شوند,ډيټا هرې دوه اوونۍ وروسته نوې کیږي
irregular,Data is updated in intervals that are uneven in duration,La donnée est mise à jour de manière irrégulière,Los datos son actualizados de manera irregular,NA,NA,NA,NA,اطلاعات در فواصل زمانی که در طول زمان ناهموار هستند تحدید می شوند,ډیټا د نا معلومو دورو لپاره  تازه شوي
lang_desc,Language(s) used in content,Langue(s) utilisée(s) dans le contenu,Lengua(s) utilizada(s) en el contenido,NA,NA,NA,NA,زبان (زبانهای) که در محتوا استفاده شده است,په متن کې کارول شوې ژبه یا ژبې
lang_item_title,Language,Langue,Lengua,NA,NA,NA,NA,زبان,ژبه
lang_list_desc,Two letters code of languages,Code de deux lettres minuscules,Código de dos letras en minúscula ,NA,NA,NA,NA,دو دستورالعمل نامه از زبان ها,د ژبې دوه توریز کوډ
lang_list_title,List of languages,Liste des langues,Lista de lenguas,NA,NA,NA,NA,لست زبان ها,د ژبو نوملړ
lang_title,Language,Langue,Lengua,NA,NA,NA,NA,زبان,ژبه
license_desc,"If any, description of the data licenses","Si applicable, description des licences de la donnée","Si aplica, descripción de la licencias de los datos",NA,NA,NA,NA,اگر هر گونه، شرح مجوز اطلاعات,که د ډیټا د جواز هر ډول تشریح
license_item_title,License,Licence,Licencia,NA,NA,NA,NA,مجوز,جواز
license_list_desc,Name and/or description of the licence,Nom et/ou description de la licence,Nombre o descripción de la licencia,NA,NA,NA,NA,نام و/یا شرح مجوز,د جواز نوم او یا تشریح
license_list_title,List of licences,Liste des licences,Lista de licencias,NA,NA,NA,NA,لست مجوز ,د جوازونو نوملړ
license_name,Name,Nom,Nombre,NA,NA,NA,NA,نام,نوم
license_text,Text,Texte,Texto,NA,NA,NA,NA,متن,متن
license_title,Licensing,Licence,Licencias,NA,NA,NA,NA,صدور مجوز,جواز ورکونه
maintainer,Maintainer,Mainteneur,Encargado de mantenimiento,NA,NA,NA,NA,نگهدارنده,ساتونکئ
monthly,Data is updated each month,La donnée est mise à  jour tous les mois,Los datos son actualizados todos los meses,NA,NA,NA,NA,اطلاعات هر ماه تجدید می شوند,ډیټا په میاشتني ډول نوې کیږي
msg_error_duplicate,This source already exists and is available for you,Cette source existe déjà et est disponible pour vous,Este recurso ya existe y está disponible para usted,NA,NA,NA,NA,این منبع از قبل موجود و در دسترس شما است,دا سرچینه له مخکې شتون لري او ستاسو لپاره د لاسرسي وړ ده
msg_error_import,Data was not imported,La donnée n'a pas été importée,Los datos no fueron importados,NA,NA,NA,NA,اطلاعات وارد نشد ,ډیټا داخله نه شوه
msg_process_wait,"Data is processed, please wait","La donnée est préparée, veuillez attendre","Procesando datos, por favor, espere",NA,NA,NA,NA,اطلاعات پروسس شد، لطفا صبر نمایید,ډیټا پروسس شوه، مهرباني وکړئ په تمه اوسئ
msg_success_delete,Source successfully removed,Source supprimée avec succès,Recurso eliminado exitosamente,NA,NA,NA,NA,ابرداده با موفقیت حذف شد,سرچینه په بریالیتوب سره پاکه شوه
msg_success_import,Data imported successfully,Donnée importée avec succès,Datos importados exitosamente,NA,NA,NA,NA,اطلاعات با موفقیت وارد شدند,ډیټا په بریالیتوب سره داخله شوه
msg_success_update,Meta data successfully updated,Métadonnées mises à jour,Matadatos actualizados,NA,NA,NA,NA,ابرداده با موفقیت به روز شد ,میټا ډیټا په بریالیتوب سره نوې شوه
no,No,Non,No,NA,NA,NA,NA,نخیر,نه
not_planned,There are no plans to update the data,La donnée n'a pas de mise à jour prévue,No hay planes para actualizar los datos,NA,NA,NA,NA,هیچ برنامه ای برای تجدید اطلاعات وجود ندارد,د ډیټا د نوي کولو کوم پلان شتون نلرې
optional_view_show_attribute_preview,Show a summary of the attributes names and values,Afficher un résumé des attributs,Monstrar resumen de los nombres y valores de los atributos,NA,NA,NA,NA,خلاصه ای از نام های ویژه گی و مقادیر را نمایش دهید,د ځانګیړنو د نومونو او ارزښتونو لنډیز ښکاره کړئ
optional_view_text,Select an attribute from the source to create a simple view or click on finish to end the importation,"Sélectionnez un attribut de la source pour créer une vue simple ou cliquez sur finir pour terminer l'importation,",Seleccione un atributo para crear una vista simple o haga clic en Finalizar para finalizar la importación,NA,NA,NA,NA,یک ویژگی از منبع برای ایجاد یک نمای ساده انتخاب کنید یا روی دکمه پایان کلیک کنید تا واردات را پایان دهید,د ساده لیدنې لپاره د سرچینې څخه ځانګیړنه وټاکئ او یا د داخلولو د پای لپاره پای کیکاږئ
optional_view_title,Optional creation of a new view,Création facultative d'une nouvelle vue,Creación opcional de una vista,NA,NA,NA,NA,ایجاد اختیاری یک نمای جدید,د نوې لیدنې اختیاري جوړونه
origin_desc,Origin of the data and how to retrieve it,Origine de la donnée et comment la récupérer,Origen de los datos y cómo puedo obtenerlos,NA,NA,NA,NA,اصلیت اطلاعات و روش بازیابی آن,د ډیټا اصلیت او د بیا ترلاسه کولو څرنګوالئ
origin_homepage_desc,Homepage for the data,Page d'accueil de la donnée,Página principal de los datos,NA,NA,NA,NA,صفحه اصلی برای اطلاعات,د اطلاعاتو لپاره اصلي صفحه
origin_homepage_item_title,Homepage (URL),Page d'accueil (URL),Página principal (URL),NA,NA,NA,NA,صفحه اصلی (URL),اصلي صفحه (URL)
origin_homepage_title,Homepage,Page d'accueil,Página principal,NA,NA,NA,NA,صفحه اصلی,اصلي صفحه
origin_source_is_full_request_title,The url contain a request to retrieve the data automatically,L'URL contient une requête pour récupérer automatiquement la donnée,La URL contiene una consulta para recuperar automáticamente los datos,NA,NA,NA,NA, دارایی یک درخواست جهت بازیابی اطلاعات به شکل خودکار میباشد URL, کې په اتومات ډول سره د ډیټا د بیا ترلاسه کولو لپاره غوښتنلیک شتون لری  URLپه
origin_sources_desc,Method to retrieve the data,Méthode de récupération de la donnée,Método para obtener los datos,NA,NA,NA,NA,روش بازیابی اطلاعات,د ډیټا د بیا ترلاسه کولو میټوډ
origin_sources_list,List of sources,Liste des sources,Lista de recursos,NA,NA,NA,NA,لست منابع,د سرچینو نوملړ
origin_sources_title,Sources,Sources,Recursos en línea,NA,NA,NA,NA,منابع,سرچینې
origin_source_title,Source,Source,Recurso,NA,NA,NA,NA,منبع,سرچینه
origin_source_url_title,URL,URL,URL,NA,NA,NA,NA,URL,URL
origin_title,Source,Origine,Información de distribución,NA,NA,NA,NA,منبع,سرچینه
other,Other,Autre,Otros,NA,NA,NA,NA,سایر,نور
partial,Partially,Partiel,Parcial,NA,NA,NA,NA,تا اندازه ای,تر یو حده
quarterly,Data is updated every three months,La donnée est mise à  jour tous les trois mois,Los datos son actualizados cada tres meses,NA,NA,NA,NA,اطلاعات هر سه ماه تجدید می شوند,ډیټا هرې درې اوونۍ وروسته نوې کیږي
schema_desc,Metadata editor for map-x sources.,Editeur de métadonnées pour les sources de map-x.,Editor de los metadatos para los recursos de Map-x.,NA,NA,NA,NA,ویرایشگر ابرداده برای منابع MAP-X,د map-x سرچینو لپاره د میټا دیټا ایډیټ کوونکی
schema_title,Map-x metadata,Métadonnées map-x,Metadatos Map-x,NA,NA,NA,NA,ابرداده یی MAP-X,د map-x میټاډیټا
select_optional_view_attribute,Select attribute,Selectionnez un attribut,Seleccione un atributo,NA,NA,NA,NA,ویژه گی را انتخاب نمایید,ځانګیړنه وتاکئ
spatial_bbx_desc,Spatial bounding box of the data using latitude and longitude,Délimitation spatiale en latitude et longitude,Delimitación espacial en longitud y latitud,NA,NA,NA,NA,جبعه محدود فضایی  اطلاعات که از عرض و طول جغرافیایی استفاده می کنند,د ډیټا فضایي محدوده بکسه د طول البلد او عرض البلد څخه په ګټه اخیسنتې سره
spatial_bbx_lat_max,Max. latitude,Latitude max.,Latitud max.,NA,NA,NA,NA,بیشترین. عرض جغرافیای ,تر ټولو لوی عرض البلد
spatial_bbx_lat_min,Min. latitude,Latitude min.,Latitud min.,NA,NA,NA,NA,کمترین. عرض جغرافیایی,تر ټولو کوچونی عرض البلد
spatial_bbx_lng_max,Max. longitude,Longitude max.,Longitud max.,NA,NA,NA,NA,بیشترین. طول جغرافیای ,تر ټولو لوی طول البلد
spatial_bbx_lng_min,Min. longitude,Longitude min.,Longitud min.,NA,NA,NA,NA,کمترین. طول جغرافیایی,تر ټولو کوچونی طول البلد
spatial_bbx_title,Bounding box,Délimitation spatiale,Delimitación espacial,NA,NA,NA,NA,جبعه محدود,محدوده بکسه
spatial_desc,"Description of the data using spatial reference: bounding box, and spatial reference system (SRS)",Description spatiale de la donnée avec délimitation spatiale et système de coordonnées (SRS),Descripción espacial de los datos con la delimitación espacial y sistema de coordenadas (SRS),NA,NA,NA,NA,شرح اطلاعات که منبع فضایی استفاده می کنند: جبعه محدود، و سیستم منبع فضایی (SRS),د ډیټا په اړه تفصیلات د فضایي سرچینو څخه په ګټه اخیستنه: محدود بکس او د فضایي سرچینو سیسټم (SRS).
spatial_srs_code,Code of the SRS,Code du système de coordonnées,Código del sistema de coordenadas,NA,NA,NA,NA,دستورالعمل SRS,د SRS کوډ
spatial_srs_desc,Description of the spatial reference system,Description du système de coordonnées,Descripción del sistema de coordenadas,NA,NA,NA,NA,شرح سیستم منبع فضایی,د فضایي سرچینو د سیسټم په اړه تفصیلات
spatial_srs_desc_url,URL to the SRS code definition,URL vers la définition du code du système de coordonnées,URL de la definición del código del sistema de coordenadas,NA,NA,NA,NA, SRS برای تعریف دستورالعمل URL,د SRS د URL د دستورالعمل در تعریف لپاره
spatial_srs_title,Spatial reference system,Système de coordonnées,Sistema de coordenadas,NA,NA,NA,NA,سیستم منبع فضایی,د فضایي سرچینو سیسټم
spatial_title,Spatial,Spatial,Espacial,NA,NA,NA,NA,فضایی,فضایي
summary_attribute,Summary ,Résumé,Resumen,NA,NA,NA,NA,خلاصه,لنډیز
target_desc,Modality and restriction of access to the data,Modalité et restriction d'accès à la donnée,Modalidad de restricción de acceso a los datos,NA,NA,NA,NA,چگونگی محدودیت دسترسی به اطلاعات,ډیټا ته د لاسرسي څرنګوالئ او محدودیت
target_role_item_title,Role,Rôle,Rol,NA,NA,NA,NA,نقش,نقش
target_roles_desc,Roles allowed to read,Rôles autorisés à lire,Roles autorizados para leer,NA,NA,NA,NA,نقش های مجاز برای خواندن, د لوستلو لپاره مجاز نقشونه
target_roles_list_title,List of roles,Liste des rôles,Lista de roles,NA,NA,NA,NA,لست نقش ها,د نقشونو نوملړ
target_roles_title,Roles,Rôles,Roles,NA,NA,NA,NA,نقش ها,قوانین
target_title,Access,Accès,Acceso,NA,NA,NA,NA,دسترسی,لاسرسی
temporal_desc,"Description of the dataset using temporal references: periodicity, initial release, update and range","Description de la donnée au moyen de références temporelles : périodicité, date de publication, etc","Descripción de la base de datos utilizando referencias temporales: Periodicidad, creación, actualización y rango",NA,NA,NA,NA,شرح مجموعه اطلاعات با استفاده منابع موقتی: پخش اولیه، تجدید و محدوده,د ډیټابیس په اړه تفصیلات د موقتې سرچینې څخه په ګټه اخیستنه: دوره، لمړنی نشر، تازه او محدوده
temporal_issuance_desc,Description if the data issuance,Information sur l'émission de la donnée, Información sobre la emisión de los datos,NA,NA,NA,NA,شرح انتشار اطلاعات,ا اطلاعاتو د خپرولو تفصیلات
temporal_issuance_title,Issuance,Emission,Emisión,NA,NA,NA,NA,صدور  ,خپرول
temporal_periodicity,Periodicity,Périodicité,Periodicidad,NA,NA,NA,NA,دوره ایی,دوره اي
temporal_periodicity_desc,Frenquency with wich data is published or updated,Fréquence de publication ou de mise à jour de la donnée,Frecuencia con la que los datos son publicados o actualizados,NA,NA,NA,NA,دوره ای که در آن اطلاعات پخش یا تجدید می شود,د ډیټا د خپرولو او یا نوي کولو تکراریت
temporal_range_desc,The temporal range of the data,L'étendue temporelle de la donnée,El rango temporal de los datos,NA,NA,NA,NA,محدوده موقتی اطلاعات,د ډیټا موقتي محدوده
temporal_range_end,End,Fin,Final,NA,NA,NA,NA,ختم,پای
temporal_range_start,Start,Début,Inicio,NA,NA,NA,NA,شروع,پیل
temporal_range_timeless,There is no time range for this data,Il n'y a pas d'étendue temporelle pour la donnée,No hay rango de tiempo para los datos,NA,NA,NA,NA,محدوده زمانی برای این اطلاعات موجود نمی باشد ,ددې ډیټا لپاره د وخت محدوده شتون نلري
temporal_range_title,Range,Etendue,Rango,NA,NA,NA,NA,محدوده,محدوده
temporal_release_desc,Date of formal issuance,Date d'émission officielle,Fecha de la emision oficial,NA,NA,NA,NA,تاریخ صدور رسمی ,د خپرولو رسمي نیټه
temporal_release_title,Release date,Date d'émission, Fecha de emisión,NA,NA,NA,NA,تاریخ پخش ,د خپرولو نیټه
temporal_title,Temporal,Temporel,Temporal,NA,NA,NA,NA,موقتی,موقتي
temporal_update_desc,Date of the latest update,Date de dernière mise à jour de la donnée,Fecha de la última actualización,NA,NA,NA,NA,تاریخ آخرین تجدید,د وروستني نوي کولو نیټه
temporal_update_title,Last update,Dernière mise à jour,Última actualización,NA,NA,NA,NA,اخرین تجدید,وروستی نوی کول
textual_desc,"Textual description of the data using title, abstract and tags","Description de la donnée : titre, résumé et tags","Descripción de los datos: Título, resumen y etiquetas",NA,NA,NA,NA,شرح متنی اطلاعات با استفاده عنوان، چکیده و علامت ها,د ډیټا متني تفصیلات له عنوان، لنډیز او نښانو څخه په ګتې اخیستنې سره
textual_desc_notes,Additional notes,Notes additionnelles,NA,NA,NA,NA,NA,NA,
textual_desc_abstract,Abstract,Résumé,Resumen,NA,NA,NA,NA,چکیده,
textual_desc_title,Title,Titre,Título,NA,NA,NA,NA,عنوان,
textual_keyword_desc,Keywords (or tags) help users discover your dataset. Please include terms that would be used by technical and non-technical users.,Mots clés (ou tags) permettant aux utilisateurs de découvrir la donnée. Ajoutez des termes utilisés par des personnes ayant un profil technique ou non technique.,Las palabras claves (o etiquetas) permiten a los usuarios encontrar los datos. Inserte términos utilizados por personas con un perfil técnico y no técnico.,NA,NA,NA,NA,کلید واژه ها (یا علامت ها) کاربران را  برای کشف اطلاعات شان  کمک می کند. لطفاً اصطلاحات را که  توسط کاربران تخصصی و غیر تخصصی مورد استفاده قرار میگیرد٬ را اضافه نمایید.,
textual_keyword_item_title,Keyword,Mot clé,Palabra clave,NA,NA,NA,NA,کلید واژه,
textual_keywords_title,Keywords list,Liste de mots clés,Lista de palabras claves,NA,NA,NA,NA,لست کلید واژه ها,
textual_keyword_title,Keywords,Mots clés,Palabras claves,NA,NA,NA,NA,کلید واژه ها,
textual_title,Textual,texte,Texto,NA,NA,NA,NA,متنی,
unknown,Frequency of maintenance for the data is not known,La donnée n'a pas de fréquence de mise à jour connue,La frecuencia de actualización de los datos no se conoce,NA,NA,NA,NA,فرکانس تعمیر و نگهداری اطلاعات شناخته شده نیست,
weekly,Data is updated on a weekly basis,La donnée est mise à  jour chaque semaine,Los datos son actualizados cada semana,NA,NA,NA,NA,اطلاعات به صورت هفته وار تجدید می شوند,
yes,Yes,Oui,Si,NA,NA,NA,NA,بلی ,
